,feature,target
0,0.7760951513839666,6.262964728084452
1,0.6542324089507453,1.534566217997618
2,0.4121091659299534,2.687522303317925
3,0.6059655214587735,4.609976266706178
4,0.948018500561238,5.07309467871808
5,0.5607979232225241,1.5687303202251126
6,0.19762024529444233,3.410696472872027
7,0.4706235944879883,4.373781627659824
8,0.15180605812569192,2.990065958751903
9,0.9111888722685926,5.763981998351861
10,0.1384153143218747,3.955461337911933
11,0.8247666110342745,4.576938382805125
12,0.9545543013989279,3.7961392406408825
13,0.17631553786379106,1.757788188440098
14,0.4648168158546073,4.908716357123232
15,0.9664548247793391,5.850617850768688
16,0.030216198327070565,2.0411846953678325
17,0.09491651301219917,1.3025521408975038
18,0.3881539394337259,3.06939720501729
19,0.3587789099873958,3.7295950051293625
20,0.43305796662440477,3.1886106229570332
21,0.6870645332072394,4.470872036511203
22,0.29865161973540966,3.251934953186879
23,0.8480246312095141,4.067016365705138
24,0.03818023880903931,3.3231972506514906
25,0.030948056245326483,2.259393005225041
26,0.23315920226335018,4.569436010591157
27,0.09963905176694521,3.5962343241607257
28,0.38386039778014946,4.268994973451173
29,0.9188813649547094,4.771318046538193
30,0.4711956329605318,5.184671800895961
31,0.02503121898909877,1.8081142138815702
32,0.8736503745351055,5.545577963702951
33,0.6805313084665169,3.024767013321508
34,0.9437196778374697,5.048306572382974
35,0.09944139929827711,4.399860224304479
36,0.5782219994049306,2.43410895522572
37,0.7711666559819647,4.72549623383466
38,0.23017767172395465,2.699965161251962
39,0.6481532826495298,4.072391566790413
40,0.5674570133138269,2.459594954510914
41,0.7343332522470619,5.083302200389353
42,0.20059480077750846,2.7666717351588934
43,0.5604560456958398,2.643033664357536
44,0.07018576729268633,4.630031895036026
45,0.7436394976831979,4.730452629047572
46,0.9847873033297063,5.16741807557099
47,0.3907810018815837,2.750847281267993
48,0.28002918163656376,3.8563583624950537
49,0.029384947587547616,3.6766179501158787
50,0.7554453191939686,3.8182416765721383
51,0.8829716201378239,2.693518558259147
52,0.624523381283555,3.709691035155804
53,0.9262573532476931,4.0698607667037034
54,0.27106705971406486,2.8865971919382294
55,0.9818980800611534,4.590026649079644
56,0.09262541480155118,4.449922322988322
57,0.6345936987851669,4.161618137733909
58,0.3124323130103658,3.42501502513008
59,0.19154674524095283,5.002352092531071
60,0.4107304183821311,3.8769178955808674
61,0.35894025869337487,4.061810394018416
62,0.17750917112631037,1.8786309098783538
63,0.44396506591426466,3.734383887973871
64,0.13521468915659207,4.1215112989617
65,0.6645359850394607,3.7938477186590123
66,0.3836175332249805,2.7112201415548114
67,0.130560312679168,2.946512650853811
68,0.764435065266657,5.5296741266327984
69,0.29246168337173317,3.84886956697492
70,0.8933554197854974,3.854157928840317
71,0.4153494123527701,3.3367545897117727
72,0.7949618242766558,4.8541917039504225
73,0.4227031062745972,3.4115447717895235
74,0.6841748624483361,5.521571798814928
75,0.3444558476691464,5.301176322868642
76,0.45192802896302753,4.309483364196866
77,0.4746016922332368,4.286665893288557
78,0.3843707672675546,3.7019873973436535
79,0.319437612310867,3.239198977312361
80,0.5693485548379126,3.100835705961326
81,0.37315349041136847,3.195909251340093
82,0.8438065008180341,5.548308245102967
83,0.12156927332791867,1.6073671181555622
84,0.1318903272825961,2.4692034927563564
85,0.5040000927112416,1.7276850136759505
86,0.20958293165431352,4.597998539113906
87,0.7225299940801689,5.7167672823612286
88,0.21109686924643634,1.7717814720961442
89,0.7037631960972869,5.41697664288781
90,0.4784613265615143,2.8205131558492376
91,0.7953091973733083,4.485758476716871
92,0.8084022517950488,4.23508658087078
93,0.6369010272610177,4.124651066580496
94,0.1215909499313127,2.077304484992132
95,0.36539983412497956,3.989295704208388
96,0.2559076101819845,3.142562588369374
97,0.6982527625614682,4.996125921934896
98,0.9453559095716145,6.635449511687802
99,0.08708424116186542,3.3302323691195124
100,0.6765069817454208,4.623270165448754
101,0.2605501461108388,2.7192523637110053
102,0.3372676602865562,3.6557820254330298
103,0.031121544967405934,1.4257014810596824
104,0.5495710357588431,2.7072110216626606
105,0.7995479454773256,4.692853348244421
106,0.5315402105555734,4.640582174471266
107,0.8558980000897803,6.636617735842874
108,0.9182979897866423,5.272717778643643
109,0.12195257252982117,1.8394287400698626
110,0.18579799637769423,1.8735203314646105
111,0.027010545621591664,1.7335707463225976
112,0.2207005640936719,2.6840644495769106
113,0.5177471687928419,2.2839985145418717
114,0.05341543210347244,1.987100068111595
115,0.6650014523160142,6.118400120555662
116,0.7907889912986275,5.535242031575755
117,0.40314986713278944,4.547177335813253
118,0.012263109997592836,2.7620802685056285
119,0.07309141640920103,0.45581122594200396
120,0.6888277056775615,2.6893975333289335
121,0.9027875267144557,5.0592025967551955
122,0.7717851819116192,5.189673866269588
123,0.875034628404081,3.370537488940176
124,0.5982223851235554,4.233049262351365
125,0.7084906316511086,2.6156208429045646
126,0.5035657365691418,3.376214392649818
127,0.9257901468651534,4.746621707422412
128,0.4391527598216768,4.741303002159027
129,0.17805612959747452,3.4757285261508573
130,0.43584445331310495,2.809591918247136
131,0.893498856291679,2.8543120458028355
132,0.5885101115382795,4.780133591082515
133,0.5670361472800853,3.6363808308171284
134,0.6040739400082191,5.129701083077494
135,0.24069668122513332,3.04069385520495
136,0.30981612898628086,3.4438687484040598
137,0.8809874891463851,3.6118328537577513
138,0.5532575562872103,2.607693009482033
139,0.5930571637276802,4.018528892304578
140,0.9574285412179724,3.2812224868829425
141,0.4802688240855515,3.441541984053269
142,0.01331877014978422,0.510191516707081
143,0.7210013812219292,4.873558058426753
144,0.9566532123312391,5.700900333970454
145,0.6016437956262202,5.38182642920815
146,0.8746645653317441,3.3709698897242237
147,0.518672068115474,3.9211024005505006
148,0.9783027139898177,4.360466484558726
149,0.9777727250356752,5.305959435393202
150,0.998986486495898,6.4360981867321865
151,0.5214361850733966,2.8573395998804947
152,0.9554662738142028,6.110684950815813
153,0.928342447408185,5.735133074908141
154,0.8920472417863945,6.010061137734798
155,0.5588881735668538,4.843487899521289
156,0.7597217134707134,5.031098820071909
157,0.3500381896792758,1.9504768147733587
158,0.3847939256952798,4.411358317425614
159,0.08424841813110262,3.865517826974936
160,0.7123736720841911,3.483998888337876
161,0.2552994245776059,5.170043491124784
162,0.7952355239322112,5.163467357409233
163,0.8115201203005734,5.555199689040421
164,0.631022564415427,5.04898083147215
165,0.35081616272767324,2.358994554673
166,0.5590071469233243,2.7124672920573927
167,0.39737480680131076,2.6935008317635623
168,0.7367724872978932,5.651993540495406
169,0.36244799237991077,4.243015302548707
170,0.7945206639915715,5.749870213252841
171,0.9325552161004835,3.71865466467037
172,0.14024037498657327,2.557343436516956
173,0.17598946400300752,0.31943059744668956
174,0.1346675137725375,2.2418326064393654
175,0.7005872850758992,4.520297002189821
176,0.5390934241247822,3.550601419552543
177,0.7455850384700115,3.4398715965334272
178,0.354039743035681,3.124478479053643
179,0.8688784825502044,2.485245089549668
180,0.9642504988950403,5.1109636373030005
181,0.13557652836791778,4.069734668413062
182,0.798592652253563,5.176054830154486
183,0.30801849500691747,2.8800363653249885
184,0.08537282674281332,3.095880176061791
185,0.30500839876618246,2.2833923476842752
186,0.42659503474193305,3.3700034749384464
187,0.6277912075294684,3.3190579968998892
188,0.1652026012738682,2.8013927648486687
189,0.6487318072120065,2.8933678344043248
190,0.2697504720376356,3.7520998210857783
191,0.8376943853670954,4.137532249191865
192,0.0444614009036719,4.20294247088478
193,0.2882075387816767,1.6174943520454859
194,0.643313777845747,4.437935866447856
195,0.8489799345115051,2.939078598345417
196,0.4765365126317316,2.880147689943387
197,0.17296153554151117,4.831819376396346
198,0.39785378631675905,5.071802523389258
199,0.2193888362682479,4.2204988887951815
200,0.3133073413501033,0.20289223373531762
201,0.18132390785824604,3.420273896222779
202,0.349889901330821,2.0943894486221013
203,0.705860979580362,4.41541417409058
204,0.45448333451566625,2.44806906316523
205,0.587482933629831,4.161803280406342
206,0.05879435916754394,2.1986737081494883
207,0.6486010624313198,2.837827781346628
208,0.2215891756062357,1.4645388071977972
209,0.40494220971737016,2.288378812923408
210,0.2962967857847648,3.0534931854377096
211,0.7585658326997131,3.1246082081339286
212,0.5018110040079345,2.9863823334427027
213,0.3954714306835805,3.620835842638644
214,0.16634703631936554,2.246124624490714
215,0.16257997191272688,3.8864313443528395
216,0.015927567017925526,3.1973781551440217
217,0.2002444287587729,3.5764015491408676
218,0.1963184626037553,3.799709880222472
219,0.8553917003603593,5.022344131356916
220,0.48443479748784257,3.170771687358398
221,0.37513057340361855,4.104112094751341
222,0.9644065497172608,4.498555039645538
223,0.35959932561564,4.639864250739247
224,0.7547747446361718,3.321910883369837
225,0.9812104183190168,5.317144405422021
226,0.012274985104454128,2.4574729292860322
227,0.11554644246776224,1.4227322851358952
228,0.2853924186823472,0.9219743955446473
229,0.1950933416769679,3.3013121607983233
230,0.8590803780601096,2.881377363286601
231,0.012848980091574647,1.9158296661424719
232,0.8171403771057062,4.356196558956623
233,0.5738290614661106,3.319267068642991
234,0.9677809949422547,7.1651904196642136
235,0.9234780622002934,4.8464504281277545
236,0.24854819103748582,2.5307307287689533
237,0.37862291416328075,3.2684500875818565
238,0.5177954867062314,4.862020590202173
239,0.07315156533742784,2.010883775512003
240,0.3158656887241559,2.2912816702403633
241,0.7243826933723331,2.972337008827515
242,0.7171388953557294,3.6688731855145114
243,0.984754656822705,4.384703643354702
244,0.4400485189227499,3.634734382187728
245,0.10679812680016132,1.8001279115464264
246,0.7677228124965868,4.142983209639869
247,0.7506800922276804,3.049737690758713
248,0.9267330131717446,4.235039318748968
249,0.6622543938898916,2.973752055976114
250,0.7480067200567417,4.559077278270716
251,0.030994393506588835,1.1904423570484632
252,0.5600533927315556,2.716390624291898
253,0.4256052212890591,4.914013841426129
254,0.954411238175055,5.284973597354271
255,0.911761867261793,3.0355038411428517
256,0.44926182693808014,1.9722818024584612
257,0.7447959121369221,4.161690309324457
258,0.7309440483117469,3.4036048347265684
259,0.7149816312999483,4.392393249734153
260,0.9227408418320739,3.422542322327994
261,0.5334602768426099,2.9800961452428925
262,0.5775172884898961,4.583699351674118
263,0.9572340571373419,7.640515930586302
264,0.6532362326468774,4.68419244614306
265,0.1433263923332807,2.818032379553294
266,0.5569784645884387,5.447779498860225
267,0.1412047274629603,2.057024655508579
268,0.04397109301159996,2.1133352284646105
269,0.16662734847076,0.40320728040667664
270,0.5989635681795614,5.743944467989467
271,0.7088359031845253,4.939566002309757
272,0.41010509782153437,2.6597798707254166
273,0.018051621609161406,2.5872117212736474
274,0.4739631609422137,2.641764341478356
275,0.8197232759414221,3.6231514894880026
276,0.6596654606368434,5.419815163903311
277,0.9963002385981067,4.335172796199295
278,0.9734552150824486,6.195052632249299
279,0.633155572085798,4.467382931655386
280,0.9986910555060057,5.625287066145931
281,0.6683009921266188,2.568249751787193
282,0.1946052540694524,4.022920273447209
283,0.5426585354784935,2.748029817095641
284,0.8849324040832889,6.47691363151012
285,0.9291701923353828,5.461830707276563
286,0.7091594952840934,3.7239157919898718
287,0.8957115306458292,6.002475453032869
288,0.04172430918921033,0.9328274554992781
289,0.026325776516889388,1.6137888775965767
290,0.6785030934594892,4.0617558990179345
291,0.9400569430465496,4.229821108233036
292,0.18804634347682603,1.6650309847758662
293,0.9650973344879588,4.874508393756483
294,0.12632080741936236,2.3048022430328885
295,0.3409274226014295,3.569637178516038
296,0.3672153840688742,4.282411335470428
297,0.3372397587790812,2.8834923242161334
298,0.9440478012779207,4.402205054542945
299,0.08400746613544396,2.353970454426694
300,0.2806005831344802,2.805943296762032
301,0.0606525118977157,2.539065877214884
302,0.4974805190945737,3.738845342054054
303,0.4496923840896605,4.057789762605784
304,0.0823571265234514,0.49431456213550984
305,0.3831537753389055,2.2959333421545187
306,0.4812531403676723,3.6421404663638977
307,0.06440942993899823,3.481799066906125
308,0.23842938514931145,2.3967450348200723
309,0.24772362888395094,2.552213886533757
310,0.4846105330107948,4.850759344312758
311,0.41569929224553315,3.1291284398101333
312,0.09677524734506093,1.693422568237614
313,0.5738520908313267,4.687866330211669
314,0.7369406931802147,5.847202108218322
315,0.6353510417590903,3.8727540818697315
316,0.7605116169908887,4.066067555581558
317,0.8557050546172431,4.000142645390513
318,0.19664074594306502,1.8042762851761047
319,0.810410638921846,4.299085342930538
320,0.7053833875904406,3.132169132906437
321,0.9307085026333838,6.468786313574319
322,0.34990821247004444,2.971825231976298
323,0.20106460677706928,2.190880554624717
324,0.6379148886224819,6.016275851014095
325,0.0026208826515404793,1.1271573529520305
326,0.7055916034739332,3.695413160285294
327,0.22381254351323887,2.5116323721182567
328,0.5648885439614921,5.460563780660422
329,0.17769925439029022,2.270537123667854
330,0.3516120527701535,3.693044607403766
331,0.8636837442238233,4.191149001613276
332,0.36328000785440706,2.392040247890451
333,0.9339200619657789,4.3784933497375516
334,0.208061992809618,2.113456590209931
335,0.37981795228560433,4.5613028810240905
336,0.17977568872502503,1.4842498359336975
337,0.30162658249980656,2.022959198182001
338,0.21453032366614244,4.334073520649481
339,0.5935881071778693,4.53162628885589
340,0.33373887311890615,2.4372911470099203
341,0.7956311779261708,4.630674368302099
342,0.002793400080211783,2.0582254538046185
343,0.6692587390112381,2.9997428687674574
344,0.4260044631024573,2.8694888308771564
345,0.6148782245505935,1.7351474947227281
346,0.6881378972768305,4.25049046493923
347,0.8020668843820997,5.149809627644138
348,0.9029327780653679,4.369202996279411
349,0.46552476777863316,2.456211318397313
350,0.864344459745682,3.064566886159894
351,0.12644838669730019,2.821423259718499
352,0.8176131969471266,3.9590973747324014
353,0.9989688991643663,4.369066507435485
354,0.2857700539514464,2.9754424765861085
355,0.6697309228690926,2.3998336752294387
356,0.3904280175645207,2.189068862467369
357,0.35515075700668675,3.1423763365429203
358,0.22133082385220992,2.840729629676301
359,0.9881334806303931,5.20944647838721
360,0.5258817366944376,3.619093602410517
361,0.6833101278752362,2.9423632363099887
362,0.8035002300118941,3.9138548223301877
363,0.154168326819205,3.23163218777831
364,0.42250399157868035,3.4178248951879375
365,0.7676355655708575,5.920706449431852
366,0.1069305103593925,2.892709639103439
367,0.43404998981063403,2.861715759829248
368,0.6038591773006026,4.668972904447891
369,0.5724747612817592,4.653220672906996
370,0.9819288162457283,6.11710773289042
371,0.6339975041796454,2.144102697472379
372,0.5719041069221424,4.008899505925727
373,0.5105802676694384,4.622497150152081
374,0.6438298600428713,3.7005863003761355
375,0.6564597974250528,5.1418018847936935
376,0.17478563441901473,1.1648840487063576
377,0.5800294750413294,3.204500993377237
378,0.5086610883295132,1.8339599284353376
379,0.5762418358329128,1.569938827840828
380,0.6254434284674529,5.1733820478938055
381,0.822720345803935,4.893832375253245
382,0.2981499272447219,3.0739802986077627
383,0.011155377493078156,1.5018498118100787
384,0.16583705955217465,3.4852258738819373
385,0.7558808799688471,6.183771748211359
386,0.1863120030130906,1.4710220779913148
387,0.48077612825741856,4.571051163392409
388,0.9556589353276853,5.125604230325324
389,0.9045394792810019,3.718212166212195
390,0.8151737748163012,3.2207835800546682
391,0.21796163566856253,2.029991716993487
392,0.672977684181384,4.913749723501647
393,0.5246697037256671,4.340339303929378
394,0.9964690661161782,4.941475063869676
395,0.09354865315143757,1.6449407417075637
396,0.072127372314015,1.7559428594798216
397,0.7022289904443579,2.9962390642560015
398,0.08421721032110407,2.432734670402633
399,0.9697355311151871,4.018382035815277
400,0.5659755141805796,3.613033694425281
401,0.9253595876626726,4.109482046439919
402,0.3346706549138836,2.887299900243389
403,0.5239126782451927,3.0998259638181214
404,0.15990981518229175,0.9034591396249623
405,0.5254707632006651,4.380583238473349
406,0.058987275677028106,0.2932518379794413
407,0.40601523537911965,3.314448287906814
408,0.07263113837460944,2.2592440890481202
409,0.33514670358582854,3.429788748548588
410,0.06264709073753105,1.9310531204614185
411,0.09316933329682475,0.40527864248690904
412,0.5228949708820405,3.0681569048878448
413,0.18937758770624813,1.9090995950477687
414,0.35218356170757614,2.701257175558072
415,0.8494687053340219,6.073668081497999
416,0.5198284492347407,2.729963892494199
417,0.7280761449723198,3.9418876045626647
418,0.6605318647298296,4.325391806646731
419,0.21023429060017684,1.5758875986682601
420,0.6368670213540022,3.5801495231793483
421,0.09920634465876377,2.4687108492063983
422,0.5619502453730387,3.096619306895143
423,0.7140003537219628,4.033876430114449
424,0.2221983578837966,1.9209697628131384
425,0.6702204235111344,3.828342789702978
426,0.20982396963487893,3.797570583868354
427,0.12554319714454043,1.9530154991886222
428,0.9202370834160157,5.850766016969631
429,0.2226728707562503,2.545094561745606
430,0.844008099693193,3.806290978193736
431,0.6263933430226178,5.565441215582597
432,0.7574333839515566,5.025585163146167
433,0.6061319795427025,5.667694365938635
434,0.7742815939310229,3.2819111746067353
435,0.8370520542264234,3.258869112226702
436,0.4206610442921991,3.5642704035110064
437,0.5686459993918104,3.840288445558236
438,0.6010606121444014,3.945527342896688
439,0.624814759071715,3.677880746846992
440,0.30667264561929064,2.263113712878109
441,0.1889333051919757,1.8834527311175975
442,0.30090831817932484,2.66707021576208
443,0.9494048152779864,3.378335763619381
444,0.6244916617286627,4.56260869552815
445,0.7665690002178938,3.588233430211185
446,0.6248748212541508,5.069561773669479
447,0.5149511341591291,3.1424070157107895
448,0.9516117453732659,5.12425487855143
449,0.563431778230075,3.095001209540908
450,0.5903288319412554,4.440497828657804
451,0.557214951277657,3.6830518945142083
452,0.36125404719331755,3.4016854910077354
453,0.05077756731429339,2.6517196406575017
454,0.3078552904234916,2.6226347084096964
455,0.22887368706805877,2.825046510724868
456,0.21108112791281186,3.7975545856462745
457,0.628860247671,5.3132450153664115
458,0.9804043585520926,6.583374718031598
459,0.6123778985502847,4.136757522594177
460,0.8849818210373058,4.374980947458009
461,0.18605323088277004,2.1628909123023337
462,0.3141320824174654,0.9823573910022161
463,0.1764187881650061,2.7160147887517434
464,0.3032043993322573,2.791378117690132
465,0.48115507143397906,3.51844764521672
466,0.7111657062846689,2.7710241144955186
467,0.8630830575262887,5.493055169076712
468,0.27827302193717285,2.7252085964434585
469,0.2998191755841412,2.232804376380787
470,0.11290475678179701,2.2374785349250836
471,0.13629435056126338,3.0493125778226196
472,0.6090202079548429,3.8928191662304865
473,0.6475420114209915,5.184875978111846
474,0.6626074637823883,2.655817936883682
475,0.7178050043624926,5.137010089645063
476,0.28555090904954405,2.5146957807506842
477,0.6259339799922305,5.325047619002893
478,0.07313036801993344,4.516036877565539
479,0.20129296898296845,1.8465736490775062
480,0.030854224015342768,2.8800232316674452
481,0.9117853785306227,5.831365468537645
482,0.7891755939588118,4.18064461098048
483,0.6753846569235347,4.475372367969584
484,0.5778824185976635,4.225642276668275
485,0.71894519783928,5.087213846572958
486,0.008654593914497188,2.7926417756967696
487,0.09969523643248634,4.0303289454125295
488,0.1930258065402759,3.2053733082494738
489,0.6372720775773848,4.365372989498685
490,0.8850349356399939,4.0955233663474875
491,0.5786212053006332,2.5491285992756696
492,0.6798030923164481,3.4382777102663407
493,0.8391568573449013,4.432784250488731
494,0.048305613189011276,3.105474075063226
495,0.6453836722445921,3.7070161869777123
496,0.2932467038948995,2.3863179400855574
497,0.1706104296144061,1.30248301176625
498,0.03534196808333001,2.0125765568443144
499,0.3949214705045411,3.8465731173638633
500,0.2476757202677624,2.200142697225158
501,0.6633280248507598,2.0135466570038147
502,0.3035157594105876,2.6313932962653657
503,0.9988867650019033,3.5897374864949994
504,0.23305878836444394,2.406114114708253
505,0.6015471211437433,4.629621032803814
506,0.22611017327268979,3.5187330337154896
507,0.333224417880006,5.122139363878695
508,0.8124773490815631,2.9757816506565673
509,0.8528739720512067,4.032967506396297
510,0.5902569069661562,1.955511962779874
511,0.5739464795003778,3.96191905329851
512,0.07775319026454541,3.047818865886506
513,0.7601836070662161,3.4997908684785255
514,0.5235559732217763,4.410444234210455
515,0.27933041946386095,2.0865077657618194
516,0.4376036650537425,1.3336845553844754
517,0.6306826522391544,2.988893335521759
518,0.7186242815377616,4.13934190601927
519,0.5793361721541105,2.62989194172754
520,0.16813380387451116,2.1482016521394502
521,0.8699467006981046,5.103455393586309
522,0.607150710205079,4.79907209935445
523,0.9281398967715038,5.436394449363525
524,0.3020351248853994,1.9919291629135223
525,0.48986076422712943,4.087476911183347
526,0.4310863812163289,3.511038357093394
527,0.9446447412142589,3.5924128956141157
528,0.20077765184206475,2.4659666683860717
529,0.48940716374455195,0.8848289971855214
530,0.6211169766559235,3.4252679908001813
531,0.09927293142849769,3.588586324286081
532,0.9149035315091042,3.1036067895759567
533,0.04481270720105668,3.110073831882144
534,0.2447885176716138,2.084581723570449
535,0.6947151371730892,4.473311311966077
536,0.506733430501835,2.6980817971311106
537,0.11329907714559184,2.468241703230822
538,0.3548716444541212,4.237224045083282
539,0.4250322874632192,1.9452727149348228
540,0.10456673010729156,1.6535364004272979
541,0.6419510854538719,4.376758055992568
542,0.6390510645607149,3.846968520742267
543,0.5735585550123624,1.72804881940605
544,0.5467976556119026,4.692915274285532
545,0.773775323403308,3.780414072394682
546,0.814395572717941,3.953145802806088
547,0.1029817078412647,2.4427284024906184
548,0.5962987478546573,2.97148922102703
549,0.45962239725563425,2.3455012633046204
550,0.15679738296155477,4.051495446822019
551,0.15616245391476713,3.1261410061735644
552,0.11316304101323904,1.916531121227595
553,0.5316470489336248,3.458176353222885
554,0.6352829658156621,4.641422210685793
555,0.9555429288602015,4.332704823468355
556,0.3187330035736945,1.6986843695476617
557,0.7147695133995811,4.524014928751056
558,0.6955298786493017,4.897451047955114
559,0.22603678028316732,2.691928611126311
560,0.9293483759069606,4.978235253480867
561,0.18503408186441173,2.7421277253958016
562,0.5686126164949122,2.832271227877578
563,0.5491994121864054,5.619298201167042
564,0.38741692725679544,3.8224649213142174
565,0.905892264900547,3.9111485399506307
566,0.4060113325683703,3.7505986632623753
567,0.774531139624979,3.7130598889384037
568,0.6244744714607464,1.7271178306601045
569,0.6772438756513827,2.842598880138957
570,0.44777358242851006,1.0586383871181857
571,0.7350533298380092,3.5061070353596353
572,0.8427518219076106,2.8801331663523277
573,0.760905296266505,2.61694418728632
574,0.3587786837844119,2.5629864173593147
575,0.13365396685685393,1.6639865673618495
576,0.08287835601645965,1.3851725364394945
577,0.5474297551042663,3.8886973083820098
578,0.16770668759345952,2.5801399704660066
579,0.6339488077463894,2.6630353983600843
580,0.0691028499967965,3.533746469510443
581,0.36457191254745314,2.683309806792175
582,0.6863388338878218,2.280789516250085
583,0.05878849725916757,3.0863368170307215
584,0.9807854744077837,3.8211369443296683
585,0.7287954521505644,5.789149447205951
586,0.6976724244866738,3.546489887927369
587,0.3010301326461088,2.8714003164880233
588,0.800083210350356,3.386474770191273
589,0.1748970043941147,2.3487079758337397
590,0.5559706318789955,3.5069281555448586
591,0.5425813506798935,3.311252261715297
592,0.6661216158687335,3.701262284589524
593,0.7699944583625802,2.424371137007002
594,0.5116803684456148,2.433696099213119
595,0.028720995291118268,1.9102510683000635
596,0.5410594141755025,4.251720195350027
597,0.5393726896120323,4.849827622629401
598,0.7662546435539522,3.2605714120637828
599,0.11107069613902731,2.605359263807617
600,0.18653616219534286,3.3255219161607137
601,0.25554770417086037,1.3266514831409038
602,0.2931744076212536,3.11741761945843
603,0.9681382166158675,3.20124130467375
604,0.8891904676462057,3.319646901515294
605,0.8469893129103507,4.825316325792505
606,0.8525217085052291,5.066281744275704
607,0.4521242214813058,3.178658529422051
608,0.002317281007213512,1.8265749269003009
609,0.62287495881603,3.0357060558952336
610,0.3410205848852118,2.345086368838951
611,0.6021395415128945,4.4652123518601705
612,0.013973788965291445,0.9402603223260548
613,0.3855799676127294,2.5721801338310004
614,0.07863784220232306,2.6163617349075334
615,0.6870868527388138,3.245683414455648
616,0.6188315544830794,4.500069997112358
617,0.10982198641314622,1.742068648212221
618,0.9861549616465032,5.396069927091548
619,0.7222437275368809,3.6147272540347113
620,0.9227509896676249,4.198694393475182
621,0.793550821037105,3.5733499446406753
622,0.3155920755580852,1.745628417310047
623,0.3000216407740829,2.274841991379475
624,0.009186066593910525,2.2829317657832475
625,0.4307811032383929,2.5863263044258846
626,0.8875866090782969,5.219714126238557
627,0.7384454434764016,5.242175084401742
628,0.10032916967062777,2.3461445318532235
629,0.1477506617626927,2.756853845256094
630,0.6310514609131502,4.060323056164426
631,0.7225037546859111,5.345715020926505
632,0.6603501430811534,2.731534224301395
633,0.7448456340952564,3.74361920633646
634,0.841100481448211,3.5116328491981093
635,0.34853756663103075,3.1732096107402077
636,0.45109392618005584,3.261555305172528
637,0.6852624853667477,5.059362922469305
638,0.8809077180921866,3.012976406809362
639,0.9653087317751381,6.096467313059155
640,0.9235374223900121,5.249953603274818
641,0.5210038932293639,3.117080432716026
642,0.7619392721164352,4.337617189836874
643,0.01436923998795303,2.0690561042774793
644,0.29669690823128403,3.231054488058708
645,0.3261901543447019,3.9498274092899406
646,0.644425451963036,3.0450264761033603
647,0.9023685510259807,4.610771207730433
648,0.7389517841031483,4.744898249565328
649,0.7270641890680702,4.804143469397276
650,0.19837829167892618,1.905387085232343
651,0.526511426770094,4.003762420710485
652,0.020863674689611034,2.198647579598409
653,0.9286906555241783,5.283557285458042
654,0.29145868662926344,2.8977418331321463
655,0.9386100829590329,5.414650198873105
656,0.8559208420535197,3.1557588169004664
657,0.9597248897218607,4.518157358568651
658,0.8802436138135125,3.7478849881132477
659,0.36798157830127864,1.9169435112881457
660,0.8078520513945845,3.8268479216089837
661,0.3733955027860296,3.1292234000046073
662,0.29349376211121636,2.9243706991026217
663,0.6038651909697289,4.710412993828756
664,0.5576097436774147,4.401719414534238
665,0.8387199712985828,4.284664808656434
666,0.7062649984378904,2.603000284741026
667,0.25873006525873543,2.7125440456309424
668,0.9654513891121081,3.555105906664724
669,0.6810212235538352,2.4510110271159204
670,0.3347758408923074,3.137801378313559
671,0.5316827862314928,4.542430215466284
672,0.997088370223895,4.460597518997
673,0.38987824880672095,4.344338624900415
674,0.918319754133178,4.379414914080497
675,0.7413885433539152,5.491776358523155
676,0.3542546415573594,2.2458312869213346
677,0.25861090069155446,2.3392354216447386
678,0.6490796075705891,4.057124343261088
679,0.7484907156424874,5.08552733418169
680,0.6897523722197165,4.785570598883647
681,0.9594473908437972,6.053401141406949
682,0.7748264681403807,3.4525303913715018
683,0.5681674986569375,3.1462519544162806
684,0.5514528858120992,3.8850183125652364
685,0.6562811068616985,2.80019901100005
686,0.7411030163360596,5.305342081617891
687,0.5686672606509303,5.040483562739096
688,0.46108114163117453,3.3656853487168203
689,0.5936384531398219,3.377632343261534
690,0.5030042014632852,4.526427047048879
691,0.5250654415481442,3.3112650688151923
692,0.10115969271721559,2.487363203526008
693,0.19476927472222505,2.0584327131514533
694,0.7839177799696976,5.221223792792267
695,0.014030979478409478,0.2603337035040447
696,0.3098326394082842,4.1432766776236845
697,0.6038841917349363,4.253179765620413
698,0.4179342132787762,4.2749725131946725
699,0.047618684092094465,2.615148222422681
700,0.4971530245559481,3.1131890365086115
701,0.5046381088126114,5.548685082338469
702,0.5364592177458921,3.112063367962393
703,0.013742884345078532,4.023650509973672
704,0.6115312433221652,4.144478000733133
705,0.5736832114752992,4.7231272932129595
706,0.09004538363902148,0.39844981113646094
707,0.30813561014419266,2.2361155171275247
708,0.09274573739864345,2.697482268134147
709,0.5080059416971998,4.683247382984845
710,0.29176447994006016,4.3196587198675225
711,0.22835442359721414,3.1543643448097343
712,0.24927664958384932,3.6089816857204635
713,0.9537776202668609,5.066163258475329
714,0.6946544407476906,5.265946339342723
715,0.9606323677067118,3.2070479578128306
716,0.3417406225174727,2.407675691705311
717,0.4584030603045123,4.261273917196692
718,0.31850915276195646,3.5132314845450403
719,0.9938741431518445,4.375332376020748
720,0.20851778428105383,4.497023682911706
721,0.7127396313766641,1.9853958437151542
722,0.8707851496969823,4.504840664986323
723,0.6386405284939565,3.1259067963428104
724,0.9830264971788407,4.995813534847135
725,0.9574249907796133,4.772736383429345
726,0.005668280887285215,3.3609475693597473
727,0.9113529906795236,6.653652661414323
728,0.08882842486055242,1.7873819367635775
729,0.14126946059348666,1.7652660081788327
730,0.2550767184615189,4.080078823689081
731,0.8509580974934792,4.307765988376545
732,0.03651858393753016,1.416790294511019
733,0.7110893258914307,4.857824722355782
734,0.7018942772432628,5.7365778015981475
735,0.062237098666519275,1.2513985093405113
736,0.7323594013057695,4.657081788228221
737,0.6196816640681454,4.41088111518218
738,0.6774574195279639,6.274226648014251
739,0.4939841347937074,2.4967264403115803
740,0.6868095543096033,4.094993863908223
741,0.03691268065499542,1.8625900891950435
742,0.6014673090941728,2.2800022391367154
743,0.0949486937865256,1.3520539472987632
744,0.7110465122053469,4.551167961116412
745,0.2639661051800746,4.5451617332094045
746,0.6026139847647644,4.718799566715415
747,0.5717506296103667,4.26595768887497
748,0.6376035129501062,3.283526598353168
749,0.6360790833921185,2.3271756043365954
750,0.849158977581738,4.4034507225538375
751,0.44130576913391073,3.034039637178774
752,0.6881970261164698,4.369530698521164
753,0.3488394564949404,2.8849562905362127
754,0.00551677180021537,0.5003021439046518
755,0.501083178093024,2.956163419322774
756,0.7324555828231936,3.678752381033132
757,0.7370092461553236,3.602843120714493
758,0.680421486187946,3.714826390147178
759,0.5835236692467828,3.33468456410138
760,0.5504299231177078,2.5682016246704853
761,0.37014205491568297,2.309039536902831
762,0.47224094894386914,3.0454477626118504
763,0.1304775644212286,3.2715248889030697
764,0.9695962823925729,4.794745239299044
765,0.17462731582326818,1.9391634686287809
766,0.3854497061787916,2.6365417961933613
767,0.2976489397773664,3.5052902295190025
768,0.03771696686787651,2.289534079214397
769,0.16719259923707996,4.208532766547027
770,0.005286113327836572,2.5315307438024717
771,0.9417825890185682,4.77129800717495
772,0.4759643084995103,1.3041023146303274
773,0.3292838684207636,2.5227321580909283
774,0.30207313076114095,3.133668812852013
775,0.8999919268064822,4.316925184398954
776,0.7762797143571444,5.808665653528033
777,0.023053849956031214,1.5036623570709795
778,0.22126497782979315,2.769533928184663
779,0.3691155696404581,2.9513176706775313
780,0.8036778091545494,2.4901438365485005
781,0.7722488359901802,5.0420925792964795
782,0.805186289878153,6.085471415353807
783,0.9038333418186484,4.493425132425087
784,0.8353380431698779,4.274015331316214
785,0.6869857650391096,2.986787545641421
786,0.42026418867030435,2.74643846014475
787,0.09602013599915737,2.964909807931981
788,0.19779855118185963,3.9672626766507393
789,0.19042187580243397,3.714537749993208
790,0.35274429676168295,4.206929846728169
791,0.7690415422726945,3.462600039925399
792,0.9753426652921999,5.552169810924813
793,0.9259238707081104,4.871316756089068
794,0.7748644396017466,5.137372225659915
795,0.15514809789633222,4.09169107131369
796,0.03130088708382095,2.822419097720146
797,0.5588167092700176,3.564748578571274
798,0.22643646811116658,3.2498460326466425
799,0.07023887512019078,2.483286023347208
800,0.8153764600034947,3.9678291424716465
801,0.36910190918756114,3.2191344306818728
802,0.8254611554769264,3.4804062604794748
803,0.5128542482511759,3.0581899780520834
804,0.16285605060637598,2.4347619080633898
805,0.6149179492644334,4.30822781530817
806,0.6324445401621056,4.386580290613717
807,0.5643989176038954,2.6701934469493054
808,0.07129382513640559,0.5315691028705505
809,0.7994022465181508,3.9364041261832137
810,0.4290191075574993,4.978231425037396
811,0.7358472554503258,2.555238321895988
812,0.04250275950755511,2.1489317062402966
813,0.04460986759851293,1.4245038437082673
814,0.9513930300988056,4.148169721833717
815,0.4650002571337656,4.579819213891358
816,0.8028350061700353,3.7473447340423442
817,0.8915072561277587,2.517639150894215
818,0.2546579033701557,3.104309522736502
819,0.5417660785608692,3.281785821496209
820,0.34846339247962643,2.097364173082813
821,0.5492146250167441,4.115930093660639
822,0.007403369682767336,1.401595450199609
823,0.24525218070959975,1.8459161792939212
824,0.816731373304473,3.6165485001392375
825,0.7524799900254794,4.229088087657206
826,0.16099888823141761,2.5455917789400093
827,0.7220143915745748,4.538784300908275
828,0.41792433933272777,3.6286801966094187
829,0.053384809659658417,3.4777012727948637
830,0.5383617121541489,3.110564305893237
831,0.04305419443822667,2.832274260668416
832,0.5034110188284147,5.442340011875876
833,0.6849189445091133,5.78265359710491
834,0.12227615408897718,3.528051791792647
835,0.38473748894266335,3.181884708847561
836,0.2786862247092885,4.017264312592952
837,0.20158134374259007,2.9348135366125394
838,0.8646121028435638,5.454530743706536
839,0.8968777425978478,6.085068495199244
840,0.5627057368596585,3.6842069413511753
841,0.2218240841859378,1.2000377172434586
842,0.5552115199882989,3.4759426825745168
843,0.1848370829598993,3.1616023364075305
844,0.7746742009686366,4.663472642111713
845,0.03427890683105028,2.344391735370156
846,0.6579330818534767,4.955369124845433
847,0.023540337583863313,1.5970004024746967
848,0.8529517426780635,4.424883077859759
849,0.23961448862357004,3.705707132552277
850,0.9190721291929945,4.622247353835627
851,0.30575944416836887,3.8001690119159237
852,0.7754692420420012,4.868168769571752
853,0.018363610263209762,2.1832958249383965
854,0.38420334637283116,2.5657473616375412
855,0.2407261881415368,1.616733167452204
856,0.6889280584885342,3.988595248882547
857,0.31115265191318386,3.081154363127619
858,0.5932025274754553,4.327973370282359
859,0.04878452400358102,2.3071486057911232
860,0.7701244404937984,3.687398854573652
861,0.10515118510323995,3.615834477896962
862,0.5005665993327453,3.3551035919477235
863,0.7486416219023525,3.8830060600269123
864,0.024547004605978917,2.91810888001618
865,0.22219085946904893,3.2229131009664393
866,0.07147168619869404,1.6257475237242802
867,0.6939616871212184,2.947321735731644
868,0.5564203927042578,3.9944412898939463
869,0.280311773842041,2.3480223298109655
870,0.09702408869110712,2.307964473399866
871,0.0024348667994229523,2.940982438401954
872,0.07349440512489558,3.3924634353635743
873,0.3466711926225231,3.347591473538746
874,0.49298578706936946,2.5805704019569378
875,0.6866316994478994,4.290858802002578
876,0.13627806527213637,3.777541668659551
877,0.6307494002773725,1.7528237251053072
878,0.4682517672429243,2.549385194473227
879,0.9100151905299636,4.796904218340343
880,0.3608702375299987,3.2666505664265966
881,0.9141499116898865,6.929440533826539
882,0.31731607249292115,3.3742622560129236
883,0.9062241126972789,5.039840030943447
884,0.8186903594190901,4.710694039020067
885,0.34014621064548256,2.2128862861618783
886,0.6046521845763737,3.592246100471216
887,0.2826816409040004,3.5616019440576414
888,0.8217725233978413,5.932972204437414
889,0.13459317068481702,1.3967129884632705
890,0.8265346995805476,4.357852993306492
891,0.5801453711263515,5.70695703538795
892,0.6895158402262686,4.15958893334815
893,0.47455233946694286,2.5081884722919483
894,0.502011433305631,3.0630449418794057
895,0.37769025601410466,4.629808144336226
896,0.16879686058806354,1.7987757729156457
897,0.30855141967742383,3.7652587875229644
898,0.2799663804891407,3.58562538397976
899,0.7375611812054526,3.3330112654395605
900,0.580430896087332,4.595430875025884
901,0.6567387001046869,4.71761133241585
902,0.3902207570912677,4.180098998594287
903,0.42013869405535376,3.1961617627262426
904,0.6747188495451412,3.3659989921966895
905,0.22918773507892454,2.6042224765330872
906,0.7027150643481478,4.048447834248544
907,0.7333448275958061,3.574673985494935
908,0.1920873266733657,2.501661469860001
909,0.4567323464630284,2.3814117065959857
910,0.9679142281499006,4.712576783305409
911,0.5602546578101326,3.140574050750374
912,0.9265102181658966,5.537088160601118
913,0.4718260189577861,3.5323586966348057
914,0.7165377095557894,4.134762255792996
915,0.9160827751035792,4.065353020920292
916,0.7539796775846057,4.26111458053344
917,0.21991547690441815,2.75362788168643
918,0.32389989997771296,2.265177236781162
919,0.8915344474931443,5.278495560834044
920,0.16028052741421528,3.1401522991626183
921,0.9867754384572759,4.195375750613697
922,0.5145427311982474,2.3636742818151513
923,0.192473182734341,3.664813359926171
924,0.6481825969682452,3.5271428550017934
925,0.17402679026551593,4.1266515853916665
926,0.3957550781994482,2.7260183721704845
927,0.5096640062000755,5.078080356193266
928,0.294571732492271,1.8051550101016163
929,0.8934056097554853,4.765379082485915
930,0.26954505482603885,2.184885221196966
931,0.15201269962054798,1.2525282362113836
932,0.1840125360080792,3.1348487218595658
933,0.49320203144889196,2.3991427667529996
934,0.5259981532728573,3.079213921172412
935,0.7615259413677025,4.317540040525839
936,0.5259820533062586,-0.010055149427175891
937,0.441173807856472,3.5726543959080685
938,0.840295056038754,3.501550974709135
939,0.9891704068491289,5.91365924042639
940,0.9004566208669631,4.327824269156478
941,0.12951563548705447,3.6463363747852977
942,0.793419416978837,2.9570009027659205
943,0.6595061977719444,3.9400453490564042
944,0.4511880976827002,3.0987341255878373
945,0.02596590432245116,1.5030735111049245
946,0.7287621897333019,3.687415006058399
947,0.7447788904139316,5.579653369646923
948,0.6542390559715318,4.366493827022612
949,0.4594804766417022,4.562759895491794
950,0.24440632554378583,1.9036985103096877
951,0.5867076335552048,0.9385287990069306
952,0.34693204636241526,1.4375390804965558
953,0.9544639788688295,4.575442427825074
954,0.13164192571913336,1.4204583523098322
955,0.1912434980170784,1.4664172852153743
956,0.21618475787840286,4.118480807157759
957,0.7186264063393019,5.391375016666812
958,0.18269287422528124,1.702954018424614
959,0.28374094875433353,1.9489890813866426
960,0.05158311885917155,3.9022996131510768
961,0.6502769350474832,4.993545516999151
962,0.9176783919607706,4.747821373050655
963,0.28271391203867213,3.638708897051648
964,0.29221384497519987,0.8821721077800382
965,0.8091180574176581,5.9674510723904906
966,0.5135104043929207,4.319036523971338
967,0.09971002343636004,1.2658256747017376
968,0.8354648623178053,3.730064392691487
969,0.4771811997954063,4.677996044679298
970,0.6212029166208383,3.3729544204847683
971,0.8663422655189158,5.6434349432366195
972,0.689518866376184,6.011698310084236
973,0.14000967597837943,2.931866937580921
974,0.9906085787299904,4.526042248940617
975,0.06422484024291464,0.22923961726103648
976,0.519616920306767,3.199776856574717
977,0.5523287018894696,2.6599916920745916
978,0.015356888939692226,2.0615367087259004
979,0.16555140527833745,3.398374026296683
980,0.41373091138465734,3.687610510617284
981,0.9204924743147613,4.660750744526211
982,0.3836145679934253,2.9603150942206176
983,0.7207790887296903,4.9356586531819975
984,0.06128872782350503,1.6519872046153043
985,0.446326623322859,3.861179785533227
986,0.41607045040536683,4.876933334986816
987,0.5447073918233468,3.449348391973698
988,0.13551863342639292,2.502266442772546
989,0.5378091571514607,1.6847356596292729
990,0.960791708706312,4.730024352871292
991,0.04780787626990113,1.8356455326965626
992,0.9266847586090237,3.4475943611379734
993,0.9064884015738798,5.200186559176705
994,0.5043745874802624,4.142090973413746
995,0.39487897013634266,1.9302830038750947
996,0.6065760516314748,4.963092857788632
997,0.17074145487118997,3.167183651247779
998,0.8229159416229479,3.104401392831727
999,0.8950058728910598,5.6592093347173105
